id,timestamp,x,y,z
1667339,2025-03-05 18:25:27.981,-0.122282,-0.0625186,-0.349752
1667340,2025-03-05 18:25:27.986,-0.177243,-0.049983,-0.356985
1667341,2025-03-05 18:25:27.986,-0.177243,-0.049983,-0.356985
1667342,2025-03-05 18:25:27.987,-0.177243,-0.049983,-0.356985
1667343,2025-03-05 18:25:27.991,-0.21111,-0.0256324,-0.372398
1667344,2025-03-05 18:25:27.991,-0.21111,-0.0256324,-0.372398
1667345,2025-03-05 18:25:27.995,-0.224074,-0.0022006,-0.365107
1667346,2025-03-05 18:25:27.995,-0.224074,-0.0022006,-0.365107
1667347,2025-03-05 18:25:27.995,-0.224074,-0.0022006,-0.365107
1667348,2025-03-05 18:25:27.995,-0.224074,-0.0022006,-0.365107
1667349,2025-03-05 18:25:28,-0.225295,0.00702524,-0.355409
1667350,2025-03-05 18:25:28.005,-0.209544,0.013052,-0.35117
1667351,2025-03-05 18:25:28.01,-0.185481,0.00919771,-0.329205
1667352,2025-03-05 18:25:28.015,-0.157716,-0.00848961,-0.287982
1667353,2025-03-05 18:25:28.02,-0.12625,-0.0121837,-0.266864
1667354,2025-03-05 18:25:28.025,-0.109274,-0.0163403,-0.224693
1667355,2025-03-05 18:25:28.03,-0.087651,-0.0186496,-0.163292
1667356,2025-03-05 18:25:28.035,-0.0543986,0.00706673,-0.122131
1667357,2025-03-05 18:25:28.039,-0.0396497,0.0171919,-0.0760813
1667358,2025-03-05 18:25:28.044,-0.0277195,0.0180044,-0.0285673
1667359,2025-03-05 18:25:28.049,-0.0288673,0.030509,0.0240335
1667360,2025-03-05 18:25:28.054,-0.0207514,0.0369158,0.0701828
1667361,2025-03-05 18:25:28.059,-0.036187,0.030355,0.0987244
1667362,2025-03-05 18:25:28.064,-0.0430463,0.0158634,0.127665
1667363,2025-03-05 18:25:28.07,-0.0381331,0.00742769,0.1583
1667364,2025-03-05 18:25:28.074,-0.0472103,0.00130653,0.180223
1667365,2025-03-05 18:25:28.079,-0.0744956,-0.0118761,0.180943
1667366,2025-03-05 18:25:28.084,-0.0869392,-0.00993109,0.175063
1667367,2025-03-05 18:25:28.088,-0.0917365,-0.0341663,0.154712
1667368,2025-03-05 18:25:28.093,-0.114857,-0.0266852,0.117805
1667369,2025-03-05 18:25:28.098,-0.123378,-0.0256362,0.0775547
1667370,2025-03-05 18:25:28.103,-0.124972,-0.00285721,0.0503139
1667371,2025-03-05 18:25:28.109,-0.13976,0.0177464,0.0450888
1667372,2025-03-05 18:25:28.113,-0.147654,0.0421534,0.0309277
1667373,2025-03-05 18:25:28.118,-0.124413,0.060977,-0.00484562
1667374,2025-03-05 18:25:28.123,-0.120924,0.0615683,-0.0220566
1667375,2025-03-05 18:25:28.128,-0.0899265,0.0829706,-0.0398808
1667376,2025-03-05 18:25:28.132,-0.0765357,0.0790849,-0.0349073
1667377,2025-03-05 18:25:28.137,-0.0826773,0.0880733,-0.0147486
1667378,2025-03-05 18:25:28.142,-0.0681239,0.0968175,-0.0324554
1667379,2025-03-05 18:25:28.147,-0.0684411,0.112351,-0.0321541
1667380,2025-03-05 18:25:28.152,-0.0515941,0.105255,-0.0318184
1667381,2025-03-05 18:25:28.157,-0.0447083,0.11713,-0.0268183
1667382,2025-03-05 18:25:28.162,-0.0040098,0.132392,-0.0055294
1667383,2025-03-05 18:25:28.168,0.0406199,0.147477,0.0164814
1667384,2025-03-05 18:25:28.172,0.0892772,0.167202,0.0461912
1667385,2025-03-05 18:25:28.177,0.0963576,0.173849,0.0646944
1667386,2025-03-05 18:25:28.182,0.120268,0.173435,0.0710993
1667387,2025-03-05 18:25:28.186,0.145643,0.167273,0.0656137
1667388,2025-03-05 18:25:28.191,0.152539,0.161288,0.0567074
1667389,2025-03-05 18:25:28.196,0.141121,0.133132,0.0432501
1667390,2025-03-05 18:25:28.201,0.1376,0.132464,0.0277414
1667391,2025-03-05 18:25:28.206,0.10743,0.11412,0.0231428
1667392,2025-03-05 18:25:28.211,0.0757035,0.100891,0.00326729
1667393,2025-03-05 18:25:28.216,0.0388915,0.100785,-0.017416
1667394,2025-03-05 18:25:28.221,0.0192151,0.0995412,-0.0424957
1667395,2025-03-05 18:25:28.225,-0.00604574,0.108923,-0.066
1667396,2025-03-05 18:25:28.23,-0.0216377,0.0840445,-0.0986118
1667397,2025-03-05 18:25:28.235,-0.0267304,0.0643268,-0.121351
1667398,2025-03-05 18:25:28.24,-0.0262467,0.0674067,-0.129686
1667399,2025-03-05 18:25:28.245,-0.00599169,0.0587368,-0.137977
1667400,2025-03-05 18:25:28.25,-0.00766683,0.049159,-0.133289
1667401,2025-03-05 18:25:28.255,0.0174411,0.0563331,-0.108694
1667402,2025-03-05 18:25:28.26,0.0313804,0.0587702,-0.0868778
1667403,2025-03-05 18:25:28.265,0.0568926,0.0482492,-0.0500689
1667404,2025-03-05 18:25:28.27,0.063195,0.0509186,-0.0291538
1667405,2025-03-05 18:25:28.274,0.0708159,0.0559349,0.00327206
1667406,2025-03-05 18:25:28.279,0.108121,0.0561337,0.0352917
1667407,2025-03-05 18:25:28.284,0.1241,0.0539417,0.0409307
1667408,2025-03-05 18:25:28.289,0.140457,0.039886,0.0418329
1667409,2025-03-05 18:25:28.294,0.154805,0.0177097,0.0143909
1667410,2025-03-05 18:25:28.299,0.171893,0.001688,0.0192337
1667411,2025-03-05 18:25:28.304,0.169134,-0.027102,0.028718
1667412,2025-03-05 18:25:28.309,0.147996,-0.0508018,0.0286236
1667413,2025-03-05 18:25:28.318,0.0847786,-0.0971451,0.0165625
1667414,2025-03-05 18:25:28.318,0.0847786,-0.0971451,0.0165625
1667415,2025-03-05 18:25:28.323,0.0518185,-0.112625,0.00458241
1667416,2025-03-05 18:25:28.328,0.00820859,-0.126573,0.00208473
1667417,2025-03-05 18:25:28.333,-0.0248079,-0.120043,0.0124846
1667418,2025-03-05 18:25:28.339,-0.0592084,-0.106355,0.0285835
1667419,2025-03-05 18:25:28.343,-0.0619236,-0.0891986,0.0574675
1667420,2025-03-05 18:25:28.348,-0.0581072,-0.0828948,0.0635471
1667421,2025-03-05 18:25:28.353,-0.030163,-0.071908,0.0932283
1667422,2025-03-05 18:25:28.358,-0.010181,-0.0683041,0.10613
1667423,2025-03-05 18:25:28.363,0.0530098,-0.0838585,0.141519
1667424,2025-03-05 18:25:28.367,0.10596,-0.104182,0.168386
1667425,2025-03-05 18:25:28.372,0.150076,-0.103283,0.180981
1667426,2025-03-05 18:25:28.377,0.209398,-0.108763,0.190207
1667427,2025-03-05 18:25:28.383,0.245798,-0.124089,0.194901
1667428,2025-03-05 18:25:28.387,0.277411,-0.142078,0.198683
1667429,2025-03-05 18:25:28.392,0.284084,-0.155575,0.202729
1667430,2025-03-05 18:25:28.397,0.281411,-0.161075,0.194005
1667431,2025-03-05 18:25:28.402,0.279009,-0.162043,0.174891
1667432,2025-03-05 18:25:28.407,0.25779,-0.16208,0.165634
1667433,2025-03-05 18:25:28.411,0.226084,-0.161156,0.156628
1667434,2025-03-05 18:25:28.417,0.185205,-0.146143,0.133577
1667435,2025-03-05 18:25:28.421,0.126888,-0.149031,0.0870256
1667436,2025-03-05 18:25:28.427,0.108181,-0.132932,0.0670118
1667437,2025-03-05 18:25:28.431,0.0753007,-0.119278,0.040019
1667438,2025-03-05 18:25:28.436,0.0769811,-0.131676,0.0309563
1667439,2025-03-05 18:25:28.442,0.0820394,-0.121089,0.0158148
1667440,2025-03-05 18:25:28.446,0.095281,-0.111471,-0.0195675
1667441,2025-03-05 18:25:28.451,0.108518,-0.116915,-0.0335922
1667442,2025-03-05 18:25:28.456,0.108868,-0.120802,-0.0667048
1667443,2025-03-05 18:25:28.46,0.122431,-0.138543,-0.085537
1667444,2025-03-05 18:25:28.465,0.125152,-0.143966,-0.0949259
1667445,2025-03-05 18:25:28.47,0.126393,-0.169254,-0.0866203
1667446,2025-03-05 18:25:28.475,0.129702,-0.17169,-0.0748949
1667447,2025-03-05 18:25:28.48,0.124522,-0.182279,-0.0598125
1667448,2025-03-05 18:25:28.485,0.117059,-0.16071,-0.0626888
1667449,2025-03-05 18:25:28.49,0.106179,-0.140547,-0.052475
1667450,2025-03-05 18:25:28.495,0.088456,-0.132457,-0.0340271
1667451,2025-03-05 18:25:28.5,0.0782993,-0.137659,-0.0512447
1667452,2025-03-05 18:25:28.504,0.0756947,-0.128644,-0.059968
1667453,2025-03-05 18:25:28.509,0.0686102,-0.122199,-0.0815992
1667454,2025-03-05 18:25:28.514,0.0664714,-0.0993528,-0.119558
1667455,2025-03-05 18:25:28.519,0.0655061,-0.0957694,-0.129843
1667456,2025-03-05 18:25:28.524,0.0619606,-0.0863624,-0.142356
1667457,2025-03-05 18:25:28.529,0.0426823,-0.0605063,-0.152317
1667458,2025-03-05 18:25:28.534,0.0350879,-0.0231018,-0.152617
1667459,2025-03-05 18:25:28.539,0.0142285,-0.00272322,-0.145718
1667460,2025-03-05 18:25:28.544,-0.0114281,0.00792742,-0.156633
1667461,2025-03-05 18:25:28.549,-0.0169389,0.0137396,-0.165076
1667462,2025-03-05 18:25:28.553,-0.0309397,-0.00546169,-0.168667
1667463,2025-03-05 18:25:28.558,-0.0319763,-0.0303807,-0.191253
1667464,2025-03-05 18:25:28.563,-0.0332887,-0.0418873,-0.205434
1667465,2025-03-05 18:25:28.568,-0.0419495,-0.0449491,-0.206457
1667466,2025-03-05 18:25:28.573,-0.0803967,-0.0620799,-0.218251
1667467,2025-03-05 18:25:28.578,-0.0759086,-0.0469599,-0.221671
1667468,2025-03-05 18:25:28.583,-0.0702974,-0.0212245,-0.225099
1667469,2025-03-05 18:25:28.588,-0.0730233,0.0174255,-0.224984
1667470,2025-03-05 18:25:28.593,-0.0565339,0.0593715,-0.218977
1667471,2025-03-05 18:25:28.598,-0.0197981,0.108135,-0.207119
1667472,2025-03-05 18:25:28.602,0.0252136,0.128064,-0.201345
1667473,2025-03-05 18:25:28.607,0.0558501,0.162042,-0.171863
1667474,2025-03-05 18:25:28.612,0.0685911,0.186344,-0.136765
1667475,2025-03-05 18:25:28.617,0.10049,0.17966,-0.130512
1667476,2025-03-05 18:25:28.622,0.121654,0.19574,-0.0983076
1667477,2025-03-05 18:25:28.627,0.139371,0.196356,-0.0937519
1667478,2025-03-05 18:25:28.632,0.166738,0.178136,-0.110723
1667479,2025-03-05 18:25:28.637,0.162119,0.166191,-0.117008
1667480,2025-03-05 18:25:28.642,0.150768,0.162866,-0.105592
1667481,2025-03-05 18:25:28.646,0.123067,0.15974,-0.0908346
1667482,2025-03-05 18:25:28.651,0.101633,0.15203,-0.073926
1667483,2025-03-05 18:25:28.656,0.0744307,0.144548,-0.064393
1667484,2025-03-05 18:25:28.661,0.0366806,0.130186,-0.0372534
1667485,2025-03-05 18:25:28.666,-0.00199744,0.116099,-0.0151949
1667486,2025-03-05 18:25:28.671,-0.0452156,0.103451,0.0232105
1667487,2025-03-05 18:25:28.676,-0.0929174,0.0873632,0.0719728
1667488,2025-03-05 18:25:28.681,-0.118834,0.0489569,0.0739622
1667489,2025-03-05 18:25:28.686,-0.135086,0.0274711,0.080698
1667490,2025-03-05 18:25:28.691,-0.144072,0.0121417,0.0885363
1667491,2025-03-05 18:25:28.695,-0.144657,-0.0364366,0.105902
1667492,2025-03-05 18:25:28.701,-0.132163,-0.0632019,0.119533
1667493,2025-03-05 18:25:28.705,-0.135118,-0.0779409,0.143779
1667494,2025-03-05 18:25:28.71,-0.142885,-0.0961814,0.160748
1667495,2025-03-05 18:25:28.715,-0.132949,-0.115583,0.181231
1667496,2025-03-05 18:25:28.72,-0.101901,-0.126734,0.19814
1667497,2025-03-05 18:25:28.726,-0.0842327,-0.121373,0.190122
1667498,2025-03-05 18:25:28.73,-0.0748914,-0.117516,0.196598
1667499,2025-03-05 18:25:28.735,-0.0476422,-0.125944,0.203278
1667500,2025-03-05 18:25:28.739,-0.0155696,-0.129879,0.185186
1667501,2025-03-05 18:25:28.744,0.00591299,-0.14604,0.186493
1667502,2025-03-05 18:25:28.749,0.019293,-0.150589,0.166676
1667503,2025-03-05 18:25:28.754,0.0293502,-0.161437,0.153223
1667504,2025-03-05 18:25:28.759,0.027634,-0.170118,0.12465
1667505,2025-03-05 18:25:28.764,-0.00361648,-0.165989,0.109587
1667506,2025-03-05 18:25:28.769,-0.0346857,-0.163377,0.100792
1667507,2025-03-05 18:25:28.774,-0.0430868,-0.147984,0.072072
1667508,2025-03-05 18:25:28.779,-0.0681823,-0.128155,0.0520334
1667509,2025-03-05 18:25:28.784,-0.0884336,-0.12047,0.0334282
1667510,2025-03-05 18:25:28.788,-0.0968328,-0.101038,0.00790596
1667511,2025-03-05 18:25:28.793,-0.1018,-0.0901237,-0.0280476
1667512,2025-03-05 18:25:28.798,-0.086739,-0.101722,-0.057847
1667513,2025-03-05 18:25:28.803,-0.05778,-0.102335,-0.048358
1667514,2025-03-05 18:25:28.808,-0.0256203,-0.122836,-0.0545731
1667515,2025-03-05 18:25:28.813,0.00259861,-0.12507,-0.0633049
1667516,2025-03-05 18:25:28.819,0.0151387,-0.128109,-0.0627174
1667517,2025-03-05 18:25:28.823,0.0228907,-0.147427,-0.055233
1667518,2025-03-05 18:25:28.828,0.0295508,-0.138843,-0.0671139
1667519,2025-03-05 18:25:28.832,0.0434049,-0.144279,-0.0541754
1667520,2025-03-05 18:25:28.837,0.0525711,-0.143431,-0.0569954
1667521,2025-03-05 18:25:28.842,0.0677996,-0.154129,-0.0802088
1667522,2025-03-05 18:25:28.847,0.0783252,-0.165704,-0.0618401
1667523,2025-03-05 18:25:28.852,0.0687891,-0.151988,-0.0450029
1667524,2025-03-05 18:25:28.857,0.0751053,-0.140546,-0.0272837
1667525,2025-03-05 18:25:28.862,0.0721491,-0.125459,-0.0157795
1667526,2025-03-05 18:25:28.867,0.066963,-0.1164,-0.0020256
1667527,2025-03-05 18:25:28.872,0.054845,-0.112144,-0.000276566
1667528,2025-03-05 18:25:28.877,0.0655726,-0.100929,0.0027256
1667529,2025-03-05 18:25:28.881,0.0681787,-0.113615,-0.0191927
1667530,2025-03-05 18:25:28.886,0.0627321,-0.109775,-0.0526714
1667531,2025-03-05 18:25:28.891,0.0706677,-0.110839,-0.0656166
1667532,2025-03-05 18:25:28.896,0.0822421,-0.121623,-0.107976
1667533,2025-03-05 18:25:28.901,0.0748519,-0.131301,-0.146309
1667534,2025-03-05 18:25:28.906,0.0781405,-0.119709,-0.173512
1667535,2025-03-05 18:25:28.912,0.0706605,-0.103634,-0.216989
1667536,2025-03-05 18:25:28.916,0.0536681,-0.0580745,-0.249376
1667537,2025-03-05 18:25:28.921,0.0401591,-0.0415039,-0.281402
1667538,2025-03-05 18:25:28.925,0.0322838,0.0140157,-0.298841
1667539,2025-03-05 18:25:28.93,0.0167373,0.0654349,-0.299438
1667540,2025-03-05 18:25:28.936,0.0183247,0.118896,-0.271574
1667541,2025-03-05 18:25:28.94,-6.21378e-05,0.160219,-0.23453
1667542,2025-03-05 18:25:28.945,-0.000276089,0.188366,-0.168236
1667543,2025-03-05 18:25:28.95,0.021181,0.215522,-0.0920715
1667544,2025-03-05 18:25:28.955,0.0419278,0.240588,-0.0144958
1667545,2025-03-05 18:25:28.96,0.0729991,0.21974,0.06322
1667546,2025-03-05 18:25:28.965,0.0945317,0.1891,0.10892
1667547,2025-03-05 18:25:28.97,0.117743,0.148722,0.12762
1667548,2025-03-05 18:25:28.974,0.140505,0.101224,0.146725
1667549,2025-03-05 18:25:28.979,0.155908,0.0382934,0.172202
1667550,2025-03-05 18:25:28.984,0.145123,-0.0150476,0.176715
1667551,2025-03-05 18:25:28.989,0.101225,-0.0707307,0.172298
1667552,2025-03-05 18:25:28.994,0.065867,-0.111058,0.174561
1667553,2025-03-05 18:25:28.999,-0.015783,-0.132656,0.189429
1667554,2025-03-05 18:25:29.004,-0.110539,-0.139396,0.203873
1667555,2025-03-05 18:25:29.01,-0.208113,-0.11501,0.251311
1667556,2025-03-05 18:25:29.014,-0.306559,-0.107367,0.284089
1667557,2025-03-05 18:25:29.018,-0.407321,-0.0904603,0.307261
1667558,2025-03-05 18:25:29.023,-0.48103,-0.0468378,0.334162
1667559,2025-03-05 18:25:29.028,-0.524553,-0.0267487,0.364876
1667560,2025-03-05 18:25:29.033,-0.537051,-0.018259,0.404212
1667561,2025-03-05 18:25:29.038,-0.501993,0.00813913,0.394099
1667562,2025-03-05 18:25:29.043,-0.432548,-0.00476027,0.409775
1667563,2025-03-05 18:25:29.049,-0.482334,-0.0152884,0.483216
1667564,2025-03-05 18:25:29.053,-0.398912,-0.00327969,0.504737
1667565,2025-03-05 18:25:29.058,-0.304411,-0.0106568,0.477266
1667567,2025-03-05 18:25:29.067,-0.180156,-0.0308585,0.458936
1667566,2025-03-05 18:25:29.068,-0.180156,-0.0308585,0.458936
1667568,2025-03-05 18:25:29.072,-0.104725,-0.0281506,0.351738
1667569,2025-03-05 18:25:29.077,-0.0421401,-0.039803,0.234396
1667570,2025-03-05 18:25:29.082,-0.0232586,-0.032351,0.123549
1667571,2025-03-05 18:25:29.087,-0.0374126,-0.0188684,0.0392456
1667572,2025-03-05 18:25:29.092,-0.0799211,-0.00866318,-0.0141268
1667573,2025-03-05 18:25:29.097,-0.0963815,0.0103607,-0.0808611
1667574,2025-03-05 18:25:29.102,-0.131096,0.0431976,-0.157488
1667575,2025-03-05 18:25:29.107,-0.170962,0.0401969,-0.231079
1667576,2025-03-05 18:25:29.111,-0.199398,0.0718794,-0.292282
1667577,2025-03-05 18:25:29.116,-0.190388,0.0777793,-0.335513
1667578,2025-03-05 18:25:29.121,-0.157114,0.0690174,-0.365831
1667579,2025-03-05 18:25:29.126,-0.130476,0.0447726,-0.353848
1667580,2025-03-05 18:25:29.131,-0.099555,0.0351224,-0.335728
1667581,2025-03-05 18:25:29.136,-0.0367588,0.0316882,-0.319886
1667582,2025-03-05 18:25:29.141,0.0295201,0.00489616,-0.300504
1667583,2025-03-05 18:25:29.146,0.104508,-0.00585794,-0.27766
1667584,2025-03-05 18:25:29.151,0.174154,-0.0388527,-0.271475
1667585,2025-03-05 18:25:29.156,0.22448,-0.0594864,-0.230776
1667586,2025-03-05 18:25:29.16,0.246261,-0.0894194,-0.194902
1667587,2025-03-05 18:25:29.165,0.303672,-0.0859728,-0.13641
1667588,2025-03-05 18:25:29.17,0.299057,-0.0817213,-0.0814314
1667589,2025-03-05 18:25:29.175,0.299273,-0.0816979,-0.0404215
1667590,2025-03-05 18:25:29.18,0.290843,-0.0564117,0.00946522
1667591,2025-03-05 18:25:29.185,0.29286,-0.0217857,0.0588503
1667592,2025-03-05 18:25:29.19,0.282502,0.013525,0.103188
1667593,2025-03-05 18:25:29.195,0.292973,0.0503964,0.133236
1667594,2025-03-05 18:25:29.2,0.322897,0.0696998,0.184813
1667595,2025-03-05 18:25:29.205,0.377957,0.093956,0.224627
1667596,2025-03-05 18:25:29.209,0.423555,0.101767,0.259889
1667597,2025-03-05 18:25:29.214,0.467082,0.112064,0.26939
1667598,2025-03-05 18:25:29.219,0.489862,0.107103,0.256833
1667599,2025-03-05 18:25:29.224,0.51572,0.109597,0.222384
1667600,2025-03-05 18:25:29.229,0.510268,0.0886865,0.179237
1667601,2025-03-05 18:25:29.234,0.493755,0.0589242,0.100096
1667602,2025-03-05 18:25:29.239,0.455481,0.0513835,0.0421591
1667603,2025-03-05 18:25:29.244,0.414446,0.017396,-0.0482874
1667604,2025-03-05 18:25:29.249,0.361163,-0.0235982,-0.126015
1667605,2025-03-05 18:25:29.253,0.314433,-0.0416865,-0.194793
1667606,2025-03-05 18:25:29.258,0.251704,-0.0522971,-0.270263
1667607,2025-03-05 18:25:29.263,0.191964,-0.0779386,-0.33819
1667608,2025-03-05 18:25:29.268,0.135193,-0.0922747,-0.386832
1667609,2025-03-05 18:25:29.273,0.0764315,-0.0810809,-0.429449
1667610,2025-03-05 18:25:29.278,0.0131778,-0.0849271,-0.454213
1667611,2025-03-05 18:25:29.283,-0.0630211,-0.0608683,-0.49931
1667612,2025-03-05 18:25:29.288,-0.142564,-0.0412593,-0.536033
1667613,2025-03-05 18:25:29.293,-0.192322,-0.0152931,-0.568065
1667614,2025-03-05 18:25:29.298,-0.276714,0.0133519,-0.593028
1667615,2025-03-05 18:25:29.302,-0.319764,0.0184793,-0.602618
1667616,2025-03-05 18:25:29.307,-0.376519,0.0204163,-0.599302
1667617,2025-03-05 18:25:29.312,-0.429255,0.0346565,-0.596264
1667618,2025-03-05 18:25:29.317,-0.459337,0.0349717,-0.556682
1667619,2025-03-05 18:25:29.322,-0.469501,0.0345564,-0.508175
1667620,2025-03-05 18:25:29.327,-0.481233,0.0392404,-0.417504
1667621,2025-03-05 18:25:29.332,-0.481388,0.0442686,-0.342029
1667622,2025-03-05 18:25:29.337,-0.488886,0.0589533,-0.263701
1667623,2025-03-05 18:25:29.342,-0.454724,0.0334044,-0.15647
1667624,2025-03-05 18:25:29.346,-0.429934,0.0307145,-0.0715275
1667625,2025-03-05 18:25:29.352,-0.410513,0.024601,0.0280828
1667626,2025-03-05 18:25:29.356,-0.369985,-0.00882483,0.111482
1667627,2025-03-05 18:25:29.361,-0.364035,-0.0289989,0.195429
1667628,2025-03-05 18:25:29.366,-0.331568,-0.0432858,0.243197
1667629,2025-03-05 18:25:29.371,-0.32388,-0.061389,0.282503
1667630,2025-03-05 18:25:29.376,-0.327862,-0.074995,0.315811
1667631,2025-03-05 18:25:29.381,-0.340036,-0.073741,0.374236
1667632,2025-03-05 18:25:29.386,-0.334264,-0.0707622,0.427861
1667633,2025-03-05 18:25:29.391,-0.329944,-0.0354314,0.468578
1667634,2025-03-05 18:25:29.395,-0.298631,-0.0024147,0.516655
1667635,2025-03-05 18:25:29.4,-0.237064,0.0175529,0.551903
1667636,2025-03-05 18:25:29.405,-0.201178,0.0448494,0.585046
1667637,2025-03-05 18:25:29.41,-0.144305,0.0663795,0.612517
1667638,2025-03-05 18:25:29.415,-0.0948583,0.0870762,0.630703
1667639,2025-03-05 18:25:29.42,-0.033603,0.0974355,0.636118
1667640,2025-03-05 18:25:29.425,0.00280982,0.0822945,0.627546
1667641,2025-03-05 18:25:29.43,0.0397107,0.0632825,0.602689
1667642,2025-03-05 18:25:29.435,0.0605276,0.0239811,0.574622
1667643,2025-03-05 18:25:29.439,0.0593351,-0.00217056,0.533862
1667644,2025-03-05 18:25:29.444,0.0398809,-0.0423174,0.498134
1667645,2025-03-05 18:25:29.449,0.0247532,-0.0607939,0.452015
1667646,2025-03-05 18:25:29.454,-0.00988328,-0.0955687,0.422763
1667647,2025-03-05 18:25:29.459,-0.0486036,-0.117967,0.391217
1667648,2025-03-05 18:25:29.464,-0.0997567,-0.125559,0.352543
1667649,2025-03-05 18:25:29.469,-0.127711,-0.130401,0.334149
1667650,2025-03-05 18:25:29.474,-0.157709,-0.132473,0.297857
1667651,2025-03-05 18:25:29.479,-0.151792,-0.124647,0.297218
1667652,2025-03-05 18:25:29.484,-0.114862,-0.117716,0.27615
1667653,2025-03-05 18:25:29.488,-0.0755701,-0.133065,0.253833
1667654,2025-03-05 18:25:29.494,-0.00628248,-0.151454,0.226653
1667655,2025-03-05 18:25:29.498,0.072797,-0.180089,0.18285
1667656,2025-03-05 18:25:29.503,0.135776,-0.212945,0.140348
1667657,2025-03-05 18:25:29.508,0.179398,-0.245243,0.10982
1667658,2025-03-05 18:25:29.513,0.219344,-0.275898,0.0271263
1667659,2025-03-05 18:25:29.518,0.195124,-0.268219,-0.0621214
1667660,2025-03-05 18:25:29.523,0.116372,-0.278369,-0.126949
1667661,2025-03-05 18:25:29.528,0.0175069,-0.257766,-0.212487
1667662,2025-03-05 18:25:29.532,-0.0996132,-0.250657,-0.319671
1667663,2025-03-05 18:25:29.537,-0.238987,-0.22025,-0.384113
1667664,2025-03-05 18:25:29.543,-0.361906,-0.166842,-0.413197
1667665,2025-03-05 18:25:29.547,-0.434864,-0.120434,-0.427285
1667666,2025-03-05 18:25:29.552,-0.501423,-0.0952301,-0.411047
1667667,2025-03-05 18:25:29.557,-0.523787,-0.0648999,-0.433611
1667668,2025-03-05 18:25:29.563,-0.510617,-0.0294189,-0.429412
1667669,2025-03-05 18:25:29.567,-0.444159,-0.00891829,-0.398744
1667670,2025-03-05 18:25:29.572,-0.349352,0.00166416,-0.356214
1667671,2025-03-05 18:25:29.577,-0.214879,-0.00692081,-0.305623
1667672,2025-03-05 18:25:29.581,-0.0603328,-0.0225282,-0.287508
1667673,2025-03-05 18:25:29.586,0.0627341,-0.0484548,-0.282775
1667674,2025-03-05 18:25:29.591,0.173003,-0.0702662,-0.285476
1667675,2025-03-05 18:25:29.596,0.23048,-0.0938497,-0.31105
1667676,2025-03-05 18:25:29.601,0.250061,-0.10369,-0.354619
1667677,2025-03-05 18:25:29.606,0.262789,-0.0986609,-0.362647
1667678,2025-03-05 18:25:29.611,0.242459,-0.0977969,-0.382968
1667679,2025-03-05 18:25:29.616,0.200999,-0.0855103,-0.396565
1667680,2025-03-05 18:25:29.621,0.154613,-0.0737915,-0.427197
1667681,2025-03-05 18:25:29.625,0.10167,-0.0637865,-0.43555
1667682,2025-03-05 18:25:29.63,0.0488225,-0.0554237,-0.419457
1667683,2025-03-05 18:25:29.635,0.00764546,-0.0178041,-0.412364
1667684,2025-03-05 18:25:29.64,-0.0150743,0.0179052,-0.417706
1667685,2025-03-05 18:25:29.645,-0.0219184,0.0457077,-0.371222
1667686,2025-03-05 18:25:29.65,-0.00350678,0.0561752,-0.326765
1667687,2025-03-05 18:25:29.655,0.0137025,0.0721259,-0.271335
1667688,2025-03-05 18:25:29.66,0.0379077,0.0779128,-0.185906
1667689,2025-03-05 18:25:29.665,0.0797413,0.0652342,-0.0825434
1667690,2025-03-05 18:25:29.67,0.133189,0.0424953,0.0244017
1667691,2025-03-05 18:25:29.674,0.195823,0.0430193,0.147959
1667692,2025-03-05 18:25:29.679,0.254981,0.00712729,0.265509
1667693,2025-03-05 18:25:29.684,0.274079,-0.00560522,0.39971
1667694,2025-03-05 18:25:29.689,0.308472,-0.0144296,0.488728
1667695,2025-03-05 18:25:29.695,0.336834,-0.0455999,0.601852
1667696,2025-03-05 18:25:29.699,0.364405,-0.0752745,0.680756
1667697,2025-03-05 18:25:29.704,0.398487,-0.0965352,0.757896
1667698,2025-03-05 18:25:29.709,0.437039,-0.123845,0.788257
1667699,2025-03-05 18:25:29.714,0.460133,-0.150215,0.804386
1667700,2025-03-05 18:25:29.718,0.496626,-0.160187,0.786182
1667701,2025-03-05 18:25:29.723,0.517932,-0.176602,0.749459
1667702,2025-03-05 18:25:29.728,0.523038,-0.198394,0.707538
1667703,2025-03-05 18:25:29.733,0.516407,-0.208964,0.674769
1667704,2025-03-05 18:25:29.738,0.45158,-0.182446,0.614392
1667705,2025-03-05 18:25:29.743,0.383302,-0.146496,0.530246
1667706,2025-03-05 18:25:29.748,0.315946,-0.0965214,0.427342
1667707,2025-03-05 18:25:29.753,0.230046,-0.036325,0.353429
1667708,2025-03-05 18:25:29.758,0.15989,-0.00153542,0.260749
1667709,2025-03-05 18:25:29.763,0.101187,0.0412288,0.172088
1667710,2025-03-05 18:25:29.767,0.056013,0.0552149,0.0897188
1667711,2025-03-05 18:25:29.772,0.0325447,0.0668745,0.00521946
1667712,2025-03-05 18:25:29.778,0.0211639,0.0799446,-0.0720015
1667713,2025-03-05 18:25:29.782,-0.0137519,0.0945482,-0.132597
1667714,2025-03-05 18:25:29.787,-0.0231551,0.094182,-0.210039
1667715,2025-03-05 18:25:29.792,-0.0402612,0.114775,-0.271085
1667716,2025-03-05 18:25:29.797,-0.0541707,0.133842,-0.337408
1667717,2025-03-05 18:25:29.802,-0.0612356,0.136138,-0.396029
1667718,2025-03-05 18:25:29.807,-0.0758727,0.145791,-0.438861
1667719,2025-03-05 18:25:29.812,-0.0848188,0.159385,-0.437696
1667720,2025-03-05 18:25:29.816,-0.0834156,0.14503,-0.440513
1667721,2025-03-05 18:25:29.821,-0.0738887,0.142354,-0.417769
1667722,2025-03-05 18:25:29.826,-0.0739977,0.147851,-0.391155
1667723,2025-03-05 18:25:29.831,-0.0597367,0.146073,-0.348884
1667724,2025-03-05 18:25:29.836,-0.0522904,0.144264,-0.297078
1667725,2025-03-05 18:25:29.841,-0.0252343,0.144675,-0.267804
1667726,2025-03-05 18:25:29.846,-0.0128938,0.127146,-0.24192
1667727,2025-03-05 18:25:29.851,0.023042,0.102353,-0.231174
1667728,2025-03-05 18:25:29.856,0.0384452,0.065537,-0.234204
1667729,2025-03-05 18:25:29.86,0.0286745,0.0522127,-0.202085
1667730,2025-03-05 18:25:29.865,0.0306434,0.00390768,-0.193196
1667731,2025-03-05 18:25:29.87,0.00587925,-0.00934267,-0.182192
1667732,2025-03-05 18:25:29.875,-0.0420778,-0.0211782,-0.167813
1667733,2025-03-05 18:25:29.88,-0.092871,-0.0150352,-0.154805
1667734,2025-03-05 18:25:29.885,-0.163103,-0.0304713,-0.14537
1667735,2025-03-05 18:25:29.89,-0.235035,-0.0151839,-0.176189
1667736,2025-03-05 18:25:29.895,-0.325632,0.011415,-0.189821
1667737,2025-03-05 18:25:29.9,-0.419803,0.0372038,-0.169659
1667738,2025-03-05 18:25:29.905,-0.489357,0.0586295,-0.151585
1667739,2025-03-05 18:25:29.91,-0.531148,0.0768218,-0.133131
1667740,2025-03-05 18:25:29.914,-0.537125,0.0824323,-0.117949
1667741,2025-03-05 18:25:29.919,-0.529907,0.0814452,-0.0988607
1667742,2025-03-05 18:25:29.924,-0.492928,0.0787454,-0.0795183
1667743,2025-03-05 18:25:29.929,-0.433267,0.0626764,-0.0529518
1667744,2025-03-05 18:25:29.935,-0.365039,0.0464363,0.0127964
1667745,2025-03-05 18:25:29.939,-0.289334,0.0170798,0.0591497
1667746,2025-03-05 18:25:29.944,-0.197434,0.00809526,0.0920868
1667747,2025-03-05 18:25:29.95,-0.137597,-0.00199938,0.110469
1667748,2025-03-05 18:25:29.953,-0.0700685,-0.0178199,0.134499
1667749,2025-03-05 18:25:29.958,-0.0124094,-0.0345564,0.147481
1667750,2025-03-05 18:25:29.963,0.0272035,-0.0366936,0.166077
1667751,2025-03-05 18:25:29.969,0.029913,-0.0457392,0.174818
1667752,2025-03-05 18:25:29.973,0.0115124,-0.0663342,0.184436
1667753,2025-03-05 18:25:29.978,-0.0149426,-0.0580859,0.166488
1667754,2025-03-05 18:25:29.983,-0.0447793,-0.0460668,0.142511
1667755,2025-03-05 18:25:29.988,-0.0854726,-0.0434213,0.0948105
1667756,2025-03-05 18:25:29.993,-0.132362,-0.05129,0.048542
1667757,2025-03-05 18:25:29.998,-0.167972,-0.0351739,0.0132208
1667758,2025-03-05 18:25:30.002,-0.184351,-0.0343862,-0.0409527
1667759,2025-03-05 18:25:30.007,-0.206986,-0.0370584,-0.0816631
1667760,2025-03-05 18:25:30.012,-0.206265,-0.0240536,-0.105537
1667761,2025-03-05 18:25:30.017,-0.1944,-0.0383139,-0.111472
1667762,2025-03-05 18:25:30.022,-0.184569,-0.0428157,-0.119795
1667763,2025-03-05 18:25:30.027,-0.143449,-0.0400386,-0.11148
1667764,2025-03-05 18:25:30.032,-0.11859,-0.0371203,-0.104514
1667765,2025-03-05 18:25:30.038,-0.077597,-0.0341692,-0.101193
1667766,2025-03-05 18:25:30.042,-0.0262927,-0.0335336,-0.10864
1667767,2025-03-05 18:25:30.046,0.0117128,-0.0447173,-0.112505
1667768,2025-03-05 18:25:30.051,0.035454,-0.0486274,-0.0772123
1667769,2025-03-05 18:25:30.056,0.0628685,-0.0489321,-0.0529137
1667770,2025-03-05 18:25:30.061,0.0715477,-0.0574937,-0.0442991
1667771,2025-03-05 18:25:30.066,0.0508339,-0.0398755,-0.0405083
1667772,2025-03-05 18:25:30.071,0.0175663,-0.038969,-0.0546007
1667773,2025-03-05 18:25:30.076,-0.0450333,-0.0760221,-0.0674105
1667774,2025-03-05 18:25:30.081,-0.089494,-0.105619,-0.0836811
1667775,2025-03-05 18:25:30.086,-0.143707,-0.119405,-0.0832624
1667776,2025-03-05 18:25:30.091,-0.210375,-0.136449,-0.0544491
1667777,2025-03-05 18:25:30.095,-0.242068,-0.135313,-0.0343027
1667778,2025-03-05 18:25:30.1,-0.26881,-0.116144,-0.0073204
1667779,2025-03-05 18:25:30.105,-0.275082,-0.133639,0.0109615
1667780,2025-03-05 18:25:30.11,-0.264317,-0.118761,0.0456171
1667781,2025-03-05 18:25:30.115,-0.264894,-0.110914,0.0786715
1667782,2025-03-05 18:25:30.12,-0.269232,-0.129275,0.0996056
1667783,2025-03-05 18:25:30.125,-0.247395,-0.145186,0.115671
1667784,2025-03-05 18:25:30.13,-0.231652,-0.149301,0.132931
1667785,2025-03-05 18:25:30.135,-0.242175,-0.133532,0.168077
1667786,2025-03-05 18:25:30.139,-0.222907,-0.136252,0.203303
1667787,2025-03-05 18:25:30.144,-0.208561,-0.116878,0.210071
1667788,2025-03-05 18:25:30.149,-0.177716,-0.0758514,0.239833
1667789,2025-03-05 18:25:30.154,-0.13868,-0.0452881,0.251957
1667790,2025-03-05 18:25:30.159,-0.102133,-0.0192819,0.228855
1667791,2025-03-05 18:25:30.164,-0.0489739,-0.000147343,0.209986
1667792,2025-03-05 18:25:30.169,-0.0126579,0.0229726,0.169114
1667793,2025-03-05 18:25:30.174,0.00585467,0.0620093,0.134853
1667794,2025-03-05 18:25:30.179,0.056325,0.0801835,0.0714388
1667795,2025-03-05 18:25:30.185,0.0898259,0.114504,0.0503149
1667796,2025-03-05 18:25:30.188,0.117134,0.137845,0.0198793
1667797,2025-03-05 18:25:30.193,0.120473,0.144424,-0.0091486
1667798,2025-03-05 18:25:30.198,0.119003,0.135861,-0.0417252
1667799,2025-03-05 18:25:30.203,0.121264,0.104146,-0.0767555
1667800,2025-03-05 18:25:30.208,0.0809915,0.100614,-0.110729
1667801,2025-03-05 18:25:30.213,0.0401378,0.0836,-0.127116
1667802,2025-03-05 18:25:30.218,-0.0178315,0.0829606,-0.137981
1667803,2025-03-05 18:25:30.223,-0.0666929,0.0688882,-0.114887
1667804,2025-03-05 18:25:30.228,-0.11589,0.0510464,-0.0949535
1667805,2025-03-05 18:25:30.232,-0.142848,0.0495548,-0.0614719
1667806,2025-03-05 18:25:30.237,-0.16906,0.0428033,-0.031106
1667807,2025-03-05 18:25:30.242,-0.15067,0.0307274,-0.0227442
1667808,2025-03-05 18:25:30.247,-0.134297,0.0251327,-0.0195103
1667809,2025-03-05 18:25:30.252,-0.115264,0.0150313,-0.0283127
1667810,2025-03-05 18:25:30.257,-0.101015,0.00156307,-0.0240555
1667811,2025-03-05 18:25:30.262,-0.0512903,-0.00829983,-0.0102863
1667812,2025-03-05 18:25:30.267,-0.0484666,-0.0135484,-0.00241184
1667813,2025-03-05 18:25:30.272,-0.0272282,-0.00723934,0.032959
1667814,2025-03-05 18:25:30.277,-0.00809413,-0.00142574,0.0861588
1667815,2025-03-05 18:25:30.281,0.0111131,0.012032,0.138166
1667816,2025-03-05 18:25:30.286,0.030462,0.0271158,0.181882
1667817,2025-03-05 18:25:30.291,0.0550607,0.0603538,0.213851
1667818,2025-03-05 18:25:30.296,0.0576069,0.0795593,0.210418
1667819,2025-03-05 18:25:30.301,0.0787667,0.100175,0.226553
1667820,2025-03-05 18:25:30.306,0.106615,0.126974,0.220517
1667821,2025-03-05 18:25:30.311,0.133913,0.137342,0.225743
1667822,2025-03-05 18:25:30.317,0.170479,0.124413,0.214745
1667823,2025-03-05 18:25:30.321,0.231708,0.139451,0.201885
1667824,2025-03-05 18:25:30.325,0.304475,0.128984,0.169251
1667825,2025-03-05 18:25:30.33,0.334193,0.12415,0.157326
1667826,2025-03-05 18:25:30.335,0.366444,0.14522,0.133787
1667827,2025-03-05 18:25:30.34,0.39647,0.156466,0.101043
1667828,2025-03-05 18:25:30.345,0.423199,0.160469,0.0721388
1667829,2025-03-05 18:25:30.35,0.426372,0.170506,0.0326939
1667830,2025-03-05 18:25:30.355,0.440555,0.186672,-0.00661564
1667831,2025-03-05 18:25:30.36,0.419174,0.182909,-0.0209303
1667832,2025-03-05 18:25:30.365,0.383755,0.199887,-0.0153008
1667833,2025-03-05 18:25:30.37,0.347175,0.232815,-0.00303173
1667834,2025-03-05 18:25:30.374,0.308119,0.221115,-0.000859261
1667835,2025-03-05 18:25:30.379,0.267736,0.216235,0.0150232
1667836,2025-03-05 18:25:30.384,0.246177,0.199174,0.0278502
1667837,2025-03-05 18:25:30.389,0.251734,0.174688,0.0685692
1667838,2025-03-05 18:25:30.394,0.245324,0.152293,0.114413
1667839,2025-03-05 18:25:30.399,0.281961,0.139081,0.138036
1667840,2025-03-05 18:25:30.405,0.310563,0.100393,0.172956
1667841,2025-03-05 18:25:30.409,0.326934,0.0623269,0.170551
1667842,2025-03-05 18:25:30.414,0.351586,0.0271063,0.16446
1667843,2025-03-05 18:25:30.418,0.36679,-0.0113769,0.148873
1667844,2025-03-05 18:25:30.423,0.363198,-0.0461679,0.119254
1667845,2025-03-05 18:25:30.428,0.314465,-0.0680966,0.0688095
1667846,2025-03-05 18:25:30.433,0.277629,-0.0962143,0.0202456
1667847,2025-03-05 18:25:30.438,0.186685,-0.0986447,0.00101948
1667848,2025-03-05 18:25:30.443,0.0961231,-0.0839324,-0.00807381
1667849,2025-03-05 18:25:30.448,-0.000748977,-0.0415716,-0.0248795
1667850,2025-03-05 18:25:30.453,-0.103149,-0.00623226,-0.0421906
1667851,2025-03-05 18:25:30.458,-0.176874,0.0399652,-0.0481367
1667852,2025-03-05 18:25:30.463,-0.223427,0.0815859,-0.0499926
1667853,2025-03-05 18:25:30.468,-0.261757,0.10439,-0.0679579
1667854,2025-03-05 18:25:30.472,-0.263182,0.103915,-0.0746918
1667855,2025-03-05 18:25:30.477,-0.246744,0.0780978,-0.0917358
1667856,2025-03-05 18:25:30.482,-0.208539,0.0747886,-0.108439
1667857,2025-03-05 18:25:30.487,-0.155435,0.0368462,-0.13077
1667858,2025-03-05 18:25:30.492,-0.0955482,-0.00201893,-0.146942
1667859,2025-03-05 18:25:30.497,-0.0392857,-0.0345306,-0.201037
1667860,2025-03-05 18:25:30.502,-0.00299995,-0.0582943,-0.240564
1667861,2025-03-05 18:25:30.507,0.0491699,-0.0887885,-0.271604
1667862,2025-03-05 18:25:30.512,0.0637889,-0.0830545,-0.306213
1667863,2025-03-05 18:25:30.516,0.0779,-0.0651579,-0.33604
1667864,2025-03-05 18:25:30.521,0.0808239,-0.0470419,-0.367077
1667865,2025-03-05 18:25:30.526,0.100946,-0.0155568,-0.376821
1667866,2025-03-05 18:25:30.531,0.120158,0.0291429,-0.398652
1667867,2025-03-05 18:25:30.536,0.126449,0.0608602,-0.409932
1667868,2025-03-05 18:25:30.541,0.149481,0.0726237,-0.420269
1667869,2025-03-05 18:25:30.546,0.167708,0.103803,-0.404766
1667870,2025-03-05 18:25:30.551,0.143096,0.106773,-0.404007
1667871,2025-03-05 18:25:30.556,0.103246,0.107824,-0.401208
1667872,2025-03-05 18:25:30.56,0.0529183,0.10941,-0.396427
1667873,2025-03-05 18:25:30.565,-0.0292957,0.107969,-0.360001
1667874,2025-03-05 18:25:30.57,-0.124339,0.0833063,-0.33252
1667875,2025-03-05 18:25:30.575,-0.220391,0.0759072,-0.288933
1667876,2025-03-05 18:25:30.58,-0.28774,0.044117,-0.238891
1667877,2025-03-05 18:25:30.585,-0.35758,-0.00245667,-0.190695
1667878,2025-03-05 18:25:30.59,-0.40963,-0.0268965,-0.12296
1667879,2025-03-05 18:25:30.595,-0.436867,-0.0971451,-0.0452805
1667880,2025-03-05 18:25:30.6,-0.409669,-0.134504,0.0494013
1667881,2025-03-05 18:25:30.605,-0.381643,-0.176185,0.142036
1667882,2025-03-05 18:25:30.609,-0.335866,-0.199726,0.227972
1667883,2025-03-05 18:25:30.614,-0.259044,-0.217263,0.293089
1667884,2025-03-05 18:25:30.619,-0.186835,-0.219411,0.354211
1667885,2025-03-05 18:25:30.624,-0.103503,-0.237299,0.406711
1667886,2025-03-05 18:25:30.629,-0.033971,-0.237718,0.441267
1667887,2025-03-05 18:25:30.634,0.0528919,-0.232825,0.447434
1667888,2025-03-05 18:25:30.639,0.118984,-0.232274,0.435022
1667889,2025-03-05 18:25:30.644,0.153733,-0.221923,0.391221
1667890,2025-03-05 18:25:30.649,0.163233,-0.210193,0.347181
1667891,2025-03-05 18:25:30.653,0.148635,-0.19367,0.268577
1667892,2025-03-05 18:25:30.658,0.120416,-0.166352,0.206677
1667893,2025-03-05 18:25:30.663,0.0653037,-0.149709,0.118632
1667894,2025-03-05 18:25:30.669,0.0102711,-0.112654,0.0354452
1667895,2025-03-05 18:25:30.673,-0.0521398,-0.0742707,-0.00972843
1667896,2025-03-05 18:25:30.678,-0.117387,-0.054461,-0.0731907
1667897,2025-03-05 18:25:30.683,-0.166522,-0.0148716,-0.144245
1667898,2025-03-05 18:25:30.688,-0.21748,0.00764227,-0.203908
1667899,2025-03-05 18:25:30.693,-0.22751,0.033679,-0.269082
1667900,2025-03-05 18:25:30.698,-0.228704,0.0502567,-0.305374
1667901,2025-03-05 18:25:30.702,-0.232939,0.0708599,-0.296644
1667902,2025-03-05 18:25:30.707,-0.200744,0.0835929,-0.303822
1667903,2025-03-05 18:25:30.713,-0.173793,0.0910935,-0.309105
1667904,2025-03-05 18:25:30.717,-0.160058,0.0744824,-0.309008
1667905,2025-03-05 18:25:30.722,-0.111755,0.0482311,-0.32971
1667906,2025-03-05 18:25:30.727,-0.0813395,0.0528646,-0.296311
1667907,2025-03-05 18:25:30.732,-0.0650372,0.0535517,-0.248338
1667908,2025-03-05 18:25:30.737,-0.00235851,0.0409513,-0.204983
1667909,2025-03-05 18:25:30.742,0.0293001,0.042315,-0.144733
1667910,2025-03-05 18:25:30.746,0.0526405,0.0550456,-0.0890217
1667911,2025-03-05 18:25:30.751,0.083111,0.0645809,-0.0483408
1667912,2025-03-05 18:25:30.757,0.129977,0.0400982,0.00948143
1667913,2025-03-05 18:25:30.761,0.167108,0.0553303,0.0891476
1667914,2025-03-05 18:25:30.766,0.207579,0.0598969,0.145501
1667915,2025-03-05 18:25:30.771,0.256332,0.0716181,0.221519
1667916,2025-03-05 18:25:30.776,0.314476,0.0475802,0.249455
1667917,2025-03-05 18:25:30.781,0.334463,0.0508604,0.276095
1667918,2025-03-05 18:25:30.786,0.339048,0.0501766,0.30989
1667919,2025-03-05 18:25:30.792,0.334411,0.0359869,0.341332
1667920,2025-03-05 18:25:30.795,0.314595,0.0414896,0.362237
1667921,2025-03-05 18:25:30.8,0.295041,0.0355792,0.373931
1667922,2025-03-05 18:25:30.805,0.262667,0.0300789,0.352845
1667923,2025-03-05 18:25:30.81,0.217594,0.0224977,0.334938
1667924,2025-03-05 18:25:30.815,0.174058,-0.00363159,0.282106
1667925,2025-03-05 18:25:30.82,0.156889,-0.00439024,0.252916
1667926,2025-03-05 18:25:30.826,0.150316,-0.0237188,0.213806
1667927,2025-03-05 18:25:30.83,0.127987,-0.0471807,0.147027
1667928,2025-03-05 18:25:30.835,0.117292,-0.0508165,0.102549
1667929,2025-03-05 18:25:30.839,0.116819,-0.044178,0.0634918
1667930,2025-03-05 18:25:30.844,0.100414,-0.0306916,0.0166073
1667931,2025-03-05 18:25:30.849,0.083734,-0.00905514,-0.0072937
1667932,2025-03-05 18:25:30.855,0.0669101,-0.000547886,-0.0310621
1667933,2025-03-05 18:25:30.859,0.0354683,-0.00259495,-0.0535727
1667934,2025-03-05 18:25:30.864,0.0205417,0.00760221,-0.0642576
1667935,2025-03-05 18:25:30.869,-0.00283913,0.0180488,-0.0988131
1667936,2025-03-05 18:25:30.874,-0.0179241,0.0123301,-0.108514
1667937,2025-03-05 18:25:30.879,-0.0258111,-0.0201864,-0.140995
1667938,2025-03-05 18:25:30.885,-0.0228656,-0.0413046,-0.165195
1667939,2025-03-05 18:25:30.888,-0.0291919,-0.0593305,-0.175316
1667940,2025-03-05 18:25:30.893,-0.00901892,-0.083837,-0.227236
1667941,2025-03-05 18:25:30.898,-0.00892951,-0.113594,-0.268366
1667942,2025-03-05 18:25:30.903,-0.00497705,-0.123678,-0.30826
1667943,2025-03-05 18:25:30.908,0.00615528,-0.125087,-0.326646
1667944,2025-03-05 18:25:30.913,-0.000808619,-0.116678,-0.354579
1667945,2025-03-05 18:25:30.918,0.00981751,-0.0830922,-0.345692
1667946,2025-03-05 18:25:30.923,0.00919589,-0.0495906,-0.350062
1667947,2025-03-05 18:25:30.928,-0.00134767,0.00983334,-0.341392
1667948,2025-03-05 18:25:30.932,-0.0089687,0.0629478,-0.334053
1667949,2025-03-05 18:25:30.937,-0.0101286,0.103783,-0.295927
1667950,2025-03-05 18:25:30.942,-0.0144147,0.132332,-0.26993
1667951,2025-03-05 18:25:30.947,-0.0218188,0.167772,-0.203784
1667952,2025-03-05 18:25:30.952,-0.0489727,0.186258,-0.135779
1667953,2025-03-05 18:25:30.957,-0.0708665,0.203338,-0.0694704
1667954,2025-03-05 18:25:30.962,-0.058826,0.200092,0.00104809
1667955,2025-03-05 18:25:30.967,-0.0711606,0.186075,0.0485115
1667956,2025-03-05 18:25:30.972,-0.0716943,0.17342,0.0955467
1667957,2025-03-05 18:25:30.977,-0.0696698,0.134656,0.124451
1667958,2025-03-05 18:25:30.981,-0.0484865,0.117499,0.154359
1667959,2025-03-05 18:25:30.986,-0.068695,0.0838065,0.198302
1667960,2025-03-05 18:25:30.991,-0.0764711,0.0527987,0.218113
1667961,2025-03-05 18:25:30.996,-0.0945022,0.0433621,0.250852
1667962,2025-03-05 18:25:31.001,-0.111957,0.0517087,0.270322
1667963,2025-03-05 18:25:31.006,-0.135918,0.0611076,0.290854
1667964,2025-03-05 18:25:31.011,-0.143718,0.0787086,0.31004
1667965,2025-03-05 18:25:31.016,-0.159233,0.100796,0.297084
1667966,2025-03-05 18:25:31.021,-0.16227,0.109477,0.286713
1667967,2025-03-05 18:25:31.025,-0.135417,0.14643,0.286016
1667968,2025-03-05 18:25:31.03,-0.118274,0.184036,0.277171
1667969,2025-03-05 18:25:31.036,-0.09898,0.200926,0.273295
1667970,2025-03-05 18:25:31.04,-0.0930568,0.21257,0.272069
1667971,2025-03-05 18:25:31.045,-0.0743695,0.229694,0.247354
1667972,2025-03-05 18:25:31.05,-0.0583517,0.253509,0.23966
1667973,2025-03-05 18:25:31.055,-0.0593714,0.239965,0.234654
1667974,2025-03-05 18:25:31.06,-0.0368949,0.235777,0.220368
1667975,2025-03-05 18:25:31.065,-0.0195934,0.257292,0.234996
1667976,2025-03-05 18:25:31.07,-0.00603454,0.25221,0.223591
1667977,2025-03-05 18:25:31.074,-0.007798,0.2244,0.21005
1667978,2025-03-05 18:25:31.079,-0.00677183,0.194257,0.214547
1667979,2025-03-05 18:25:31.084,-0.00284269,0.180769,0.191841
1667980,2025-03-05 18:25:31.089,-0.0103506,0.129378,0.183578
1667981,2025-03-05 18:25:31.094,-0.0194943,0.105776,0.174147
1667982,2025-03-05 18:25:31.1,-0.0588817,0.0694084,0.158784
1667983,2025-03-05 18:25:31.105,-0.11296,0.0383153,0.157635
1667984,2025-03-05 18:25:31.109,-0.166266,0.0242391,0.157582
1667985,2025-03-05 18:25:31.114,-0.22365,0.0341883,0.143168
1667986,2025-03-05 18:25:31.119,-0.284041,0.0276895,0.129889
1667987,2025-03-05 18:25:31.123,-0.340568,0.034451,0.128498
1667988,2025-03-05 18:25:31.128,-0.364895,0.0364671,0.133018
1667989,2025-03-05 18:25:31.133,-0.362178,0.0492001,0.139853
1667990,2025-03-05 18:25:31.139,-0.34571,0.0356107,0.146708
1667991,2025-03-05 18:25:31.144,-0.335717,0.0362654,0.153589
1667992,2025-03-05 18:25:31.148,-0.271419,0.0224791,0.156986
1667993,2025-03-05 18:25:31.153,-0.213588,0.000281334,0.13201
1667994,2025-03-05 18:25:31.158,-0.122819,-0.0184536,0.126425
1667995,2025-03-05 18:25:31.163,-0.0775719,-0.0267162,0.118754
1667996,2025-03-05 18:25:31.167,-0.0262852,-0.0506492,0.0923538
1667997,2025-03-05 18:25:31.172,0.0061693,-0.0546098,0.0367594
1667998,2025-03-05 18:25:31.177,0.0377869,-0.0648298,-0.0193272
1667999,2025-03-05 18:25:31.182,0.0494219,-0.0658364,-0.06283
1668000,2025-03-05 18:25:31.187,0.0518228,-0.0588593,-0.111684
1668001,2025-03-05 18:25:31.192,0.0388352,-0.0437884,-0.150526
1668002,2025-03-05 18:25:31.197,-0.00495389,-0.0206809,-0.179441
1668003,2025-03-05 18:25:31.202,-0.0426774,0.0176449,-0.203345
1668004,2025-03-05 18:25:31.207,-0.0935084,0.0438542,-0.209282
1668005,2025-03-05 18:25:31.212,-0.126686,0.071146,-0.221169
1668006,2025-03-05 18:25:31.216,-0.145934,0.107896,-0.242566
1668007,2025-03-05 18:25:31.221,-0.16077,0.122084,-0.287719
1668008,2025-03-05 18:25:31.226,-0.143806,0.119759,-0.317206
1668009,2025-03-05 18:25:31.231,-0.122525,0.116637,-0.351442
1668010,2025-03-05 18:25:31.236,-0.11352,0.0889707,-0.36545
1668011,2025-03-05 18:25:31.241,-0.0525823,0.080874,-0.354646
1668012,2025-03-05 18:25:31.246,-0.0160495,0.0495176,-0.327591
1668013,2025-03-05 18:25:31.251,0.023636,0.024785,-0.325982
1668014,2025-03-05 18:25:31.256,0.0451466,0.0172644,-0.28904
1668015,2025-03-05 18:25:31.26,0.0688914,0.0113811,-0.252672
1668016,2025-03-05 18:25:31.265,0.0735635,-5.19753e-05,-0.215653
1668017,2025-03-05 18:25:31.27,0.0628423,-0.00753975,-0.175582
1668018,2025-03-05 18:25:31.275,0.0617549,-0.0158634,-0.124174
1668019,2025-03-05 18:25:31.28,0.0547846,-0.0239019,-0.0828409
1668020,2025-03-05 18:25:31.285,0.0419646,-0.00679827,-0.0478897
1668021,2025-03-05 18:25:31.29,0.0292065,-0.0242376,-0.00612259
1668022,2025-03-05 18:25:31.295,0.0272184,-0.0367789,0.0293589
1668023,2025-03-05 18:25:31.3,0.0442607,-0.0338521,0.0503473
1668024,2025-03-05 18:25:31.305,0.0410589,-0.0370245,0.0712566
1668025,2025-03-05 18:25:31.309,0.064105,-0.0332346,0.0909309
1668026,2025-03-05 18:25:31.314,0.0847837,-0.0416555,0.126082
1668027,2025-03-05 18:25:31.319,0.0971605,-0.0325446,0.119628
1668028,2025-03-05 18:25:31.324,0.103836,-0.0250926,0.120616
1668029,2025-03-05 18:25:31.329,0.122722,-0.0229697,0.113638
1668030,2025-03-05 18:25:31.334,0.158457,-0.0142045,0.099905
1668031,2025-03-05 18:25:31.339,0.187281,-0.011972,0.0747681
1668032,2025-03-05 18:25:31.344,0.22591,-0.0185833,0.0383158
1668033,2025-03-05 18:25:31.349,0.231486,-0.023139,-0.0106421
1668034,2025-03-05 18:25:31.353,0.222002,-0.0232816,-0.0589399
1668035,2025-03-05 18:25:31.358,0.200902,-0.0272946,-0.130363
1668036,2025-03-05 18:25:31.363,0.175322,-0.0208073,-0.173734
1668037,2025-03-05 18:25:31.368,0.141558,-0.0191889,-0.229752
1668038,2025-03-05 18:25:31.373,0.116129,-0.000959396,-0.266301
1668039,2025-03-05 18:25:31.378,0.0597255,-0.00537539,-0.318008
1668040,2025-03-05 18:25:31.383,0.0366633,-0.0047226,-0.34217
1668041,2025-03-05 18:25:31.388,0.0145218,-7.72476e-05,-0.377103
1668042,2025-03-05 18:25:31.393,-0.0185819,-0.0234671,-0.376466
1668043,2025-03-05 18:25:31.398,-0.0459154,-0.0246534,-0.375084
1668044,2025-03-05 18:25:31.402,-0.0567705,-0.0310173,-0.371853
1668045,2025-03-05 18:25:31.407,-0.0464946,-0.0401173,-0.321702
1668046,2025-03-05 18:25:31.412,-0.0352522,-0.0613174,-0.288016
1668047,2025-03-05 18:25:31.417,-0.0218181,-0.0755978,-0.248056
1668048,2025-03-05 18:25:31.422,-0.0107058,-0.0830259,-0.217301
1668049,2025-03-05 18:25:31.427,-0.00423735,-0.0861063,-0.16951
1668050,2025-03-05 18:25:31.432,0.00473827,-0.0944867,-0.12967
1668051,2025-03-05 18:25:31.437,0.0115946,-0.0868807,-0.0810118
1668052,2025-03-05 18:25:31.442,0.0436618,-0.105108,-0.0389433
1668053,2025-03-05 18:25:31.446,0.0746328,-0.109952,0.0109577
1668054,2025-03-05 18:25:31.451,0.104666,-0.104043,0.0414209
1668055,2025-03-05 18:25:31.456,0.131355,-0.112546,0.0859499
1668056,2025-03-05 18:25:31.461,0.145247,-0.108209,0.113683
1668057,2025-03-05 18:25:31.466,0.143943,-0.0959487,0.131927
1668058,2025-03-05 18:25:31.471,0.137003,-0.0961804,0.155125
1668059,2025-03-05 18:25:31.476,0.11958,-0.0756845,0.166703
1668060,2025-03-05 18:25:31.481,0.0975018,-0.0643458,0.159666
1668061,2025-03-05 18:25:31.486,0.0682393,-0.0502272,0.148422
1668062,2025-03-05 18:25:31.491,0.0495536,-0.0356898,0.134171
1668063,2025-03-05 18:25:31.495,0.0163612,-0.0220089,0.109876
1668064,2025-03-05 18:25:31.5,0.00793555,0.00406408,0.089736
1668065,2025-03-05 18:25:31.505,-0.0103774,0.0174379,0.066638
1668066,2025-03-05 18:25:31.51,-0.0206092,0.0432668,0.034586
1668067,2025-03-05 18:25:31.515,-0.0168162,0.0624323,-0.0170135
1668068,2025-03-05 18:25:31.52,0.00922726,0.0846286,-0.0572357
1668069,2025-03-05 18:25:31.525,0.0289242,0.0742445,-0.101624
1668070,2025-03-05 18:25:31.53,0.0731726,0.0886602,-0.154979
1668071,2025-03-05 18:25:31.535,0.113409,0.0898147,-0.195956
1668072,2025-03-05 18:25:31.539,0.143708,0.109999,-0.243739
1668073,2025-03-05 18:25:31.545,0.182046,0.128994,-0.275805
1668074,2025-03-05 18:25:31.549,0.218866,0.139852,-0.311393
1668075,2025-03-05 18:25:31.554,0.261408,0.146202,-0.311301
1668076,2025-03-05 18:25:31.559,0.27525,0.162526,-0.316333
1668077,2025-03-05 18:25:31.564,0.288016,0.165084,-0.333629
1668078,2025-03-05 18:25:31.569,0.294999,0.17671,-0.337092
1668079,2025-03-05 18:25:31.574,0.280944,0.19969,-0.305463
1668080,2025-03-05 18:25:31.579,0.248414,0.199626,-0.286608
1668081,2025-03-05 18:25:31.584,0.212958,0.19085,-0.270845
1668082,2025-03-05 18:25:31.588,0.172118,0.197214,-0.240369
1668083,2025-03-05 18:25:31.593,0.131785,0.179279,-0.224878
1668084,2025-03-05 18:25:31.598,0.112083,0.177612,-0.201694
1668085,2025-03-05 18:25:31.603,0.0557181,0.163419,-0.183817
1668086,2025-03-05 18:25:31.608,0.0247106,0.141415,-0.136677
1668087,2025-03-05 18:25:31.613,0.0116419,0.118579,-0.107851
1668088,2025-03-05 18:25:31.618,0.0272216,0.114983,-0.0840492
1668089,2025-03-05 18:25:31.623,0.0106128,0.101924,-0.0723171
1668090,2025-03-05 18:25:31.628,0.00956136,0.0638571,-0.0474911
1668091,2025-03-05 18:25:31.633,-0.00134017,0.0494776,0.0058918
1668092,2025-03-05 18:25:31.637,-0.0281163,0.0383496,0.0900097
1668093,2025-03-05 18:25:31.642,-0.0541015,0.0316172,0.148828
1668094,2025-03-05 18:25:31.647,-0.0493966,0.026834,0.190885
1668095,2025-03-05 18:25:31.652,-0.0353912,0.00371695,0.218748
1668096,2025-03-05 18:25:31.657,-0.0141681,-0.0137548,0.241966
1668097,2025-03-05 18:25:31.662,-0.00578199,-0.0245013,0.239244
1668098,2025-03-05 18:25:31.667,0.0126566,-0.0249076,0.254641
1668099,2025-03-05 18:25:31.672,0.022018,-0.0434742,0.246404
1668100,2025-03-05 18:25:31.677,0.0339655,-0.0586333,0.21945
1668101,2025-03-05 18:25:31.682,0.0257286,-0.0527248,0.219134
1668102,2025-03-05 18:25:31.686,-0.00745742,-0.0566454,0.184594
1668103,2025-03-05 18:25:31.692,-0.0238752,-0.0455151,0.157758
1668104,2025-03-05 18:25:31.696,-0.0439215,-0.0288754,0.120697
1668105,2025-03-05 18:25:31.701,-0.0686926,0.00153589,0.0948687
1668106,2025-03-05 18:25:31.706,-0.0696858,0.0100231,0.0457306
1668107,2025-03-05 18:25:31.711,-0.0850247,0.033638,0.0458374
1668108,2025-03-05 18:25:31.716,-0.0716967,0.0556798,0.0270834
1668109,2025-03-05 18:25:31.721,-0.0454617,0.0501781,0.00140667
1668110,2025-03-05 18:25:31.726,-0.0193132,0.0482588,-0.0276031
1668111,2025-03-05 18:25:31.73,-0.0229248,0.0357823,-0.0623856
1668112,2025-03-05 18:25:31.736,-0.0192905,0.0391583,-0.0876036
1668113,2025-03-05 18:25:31.74,-0.0511832,0.0358009,-0.11528
1668114,2025-03-05 18:25:31.745,-0.070821,0.0316916,-0.120459
1668115,2025-03-05 18:25:31.75,-0.103254,0.0377283,-0.160453
1668116,2025-03-05 18:25:31.755,-0.131757,0.0288639,-0.164912
1668117,2025-03-05 18:25:31.76,-0.145674,0.0253811,-0.180412
1668118,2025-03-05 18:25:31.765,-0.15713,0.00351858,-0.187883
1668119,2025-03-05 18:25:31.77,-0.174483,-0.0128899,-0.192098
1668120,2025-03-05 18:25:31.774,-0.158497,-0.0250416,-0.180048
1668121,2025-03-05 18:25:31.779,-0.172457,-0.0414171,-0.143465
1668122,2025-03-05 18:25:31.784,-0.177054,-0.0596538,-0.107446
1668123,2025-03-05 18:25:31.789,-0.185406,-0.0656614,-0.0766125
1668124,2025-03-05 18:25:31.794,-0.189114,-0.0834041,-0.0449057
1668125,2025-03-05 18:25:31.799,-0.186846,-0.0842838,-0.0147152
1668126,2025-03-05 18:25:31.804,-0.170371,-0.0888586,0.0105772
1668127,2025-03-05 18:25:31.809,-0.156297,-0.0757089,0.0369291
1668128,2025-03-05 18:25:31.814,-0.145838,-0.0854597,0.0418615
1668129,2025-03-05 18:25:31.819,-0.128271,-0.0835075,0.0481138
1668130,2025-03-05 18:25:31.823,-0.111917,-0.10555,0.0687237
1668131,2025-03-05 18:25:31.828,-0.0885441,-0.0956326,0.0715485
1668132,2025-03-05 18:25:31.833,-0.0571313,-0.108696,0.0876493
1668133,2025-03-05 18:25:31.838,-0.0593154,-0.0994201,0.0884104
1668134,2025-03-05 18:25:31.843,-0.0368276,-0.0881686,0.0965176
1668135,2025-03-05 18:25:31.848,-0.0301478,-0.0844574,0.090539
1668136,2025-03-05 18:25:31.853,-0.0461737,-0.0775399,0.0836506
1668137,2025-03-05 18:25:31.858,-0.0372508,-0.0436907,0.0639811
1668138,2025-03-05 18:25:31.863,-0.0475242,-0.0543461,0.0411253
1668139,2025-03-05 18:25:31.867,-0.04134,-0.0426106,0.0245743
1668140,2025-03-05 18:25:31.872,-0.0413468,-0.0418749,0.0118771
1668141,2025-03-05 18:25:31.877,-0.0261191,-0.0424995,-0.0124655
1668142,2025-03-05 18:25:31.882,-0.0182384,-0.0361295,-0.0412598
1668143,2025-03-05 18:25:31.887,-0.00684534,-0.00976467,-0.0732822
1668144,2025-03-05 18:25:31.892,0.00326656,-0.00262547,-0.0860376
1668145,2025-03-05 18:25:31.897,0.0227836,0.0116243,-0.111776
1668146,2025-03-05 18:25:31.902,0.0587385,0.0283232,-0.150492
1668147,2025-03-05 18:25:31.907,0.0682791,0.047411,-0.160502
1668148,2025-03-05 18:25:31.912,0.0763657,0.053616,-0.177781
1668149,2025-03-05 18:25:31.916,0.0723468,0.0791821,-0.132291
1668150,2025-03-05 18:25:31.921,0.0788914,0.0978312,-0.132578
1668151,2025-03-05 18:25:31.926,0.0817036,0.116768,-0.111803
1668152,2025-03-05 18:25:31.931,0.0797712,0.137202,-0.0820293
1668153,2025-03-05 18:25:31.936,0.0528748,0.131843,-0.0694647
1668154,2025-03-05 18:25:31.941,0.060702,0.141257,-0.0442858
1668155,2025-03-05 18:25:31.946,0.0722503,0.133183,0.0029583
1668156,2025-03-05 18:25:31.951,0.0696184,0.112446,0.0519524
1668157,2025-03-05 18:25:31.956,0.0732994,0.0957704,0.0658817
1668158,2025-03-05 18:25:31.96,0.0762338,0.0770426,0.0795612
1668159,2025-03-05 18:25:31.965,0.0854246,0.0657053,0.121535
1668160,2025-03-05 18:25:31.97,0.086632,0.0580044,0.129929
1668161,2025-03-05 18:25:31.975,0.0858069,0.0324669,0.143064
1668162,2025-03-05 18:25:31.98,0.085128,0.021162,0.144375
1668163,2025-03-05 18:25:31.985,0.0869016,0.0215082,0.149454
1668164,2025-03-05 18:25:31.99,0.0992355,0.0333381,0.184439
1668165,2025-03-05 18:25:31.995,0.0768752,0.0517197,0.196907
1668166,2025-03-05 18:25:32,0.06514,0.0599556,0.217928
1668167,2025-03-05 18:25:32.005,0.0650765,0.0864868,0.213098
1668168,2025-03-05 18:25:32.009,0.0565292,0.107539,0.208661
1668169,2025-03-05 18:25:32.015,0.0811689,0.120735,0.198715
1668170,2025-03-05 18:25:32.019,0.0971374,0.123827,0.171392
1668171,2025-03-05 18:25:32.024,0.0988169,0.10854,0.16604
1668172,2025-03-05 18:25:32.029,0.132698,0.0870538,0.131323
1668173,2025-03-05 18:25:32.034,0.143933,0.0784397,0.0876493
1668174,2025-03-05 18:25:32.039,0.150603,0.0541821,0.0540285
1668175,2025-03-05 18:25:32.044,0.15508,0.0513353,0.0231676
1668176,2025-03-05 18:25:32.049,0.128832,0.035244,-0.0144148
1668177,2025-03-05 18:25:32.053,0.092343,0.0323181,-0.0540409
1668178,2025-03-05 18:25:32.058,0.0503611,0.034162,-0.0802794
1668179,2025-03-05 18:25:32.063,0.0146637,0.0454869,-0.106297
1668180,2025-03-05 18:25:32.068,-0.0397832,0.0307455,-0.116762
1668181,2025-03-05 18:25:32.073,-0.0808045,0.0092597,-0.154618
1668182,2025-03-05 18:25:32.078,-0.0884589,-0.00343513,-0.175745
1668183,2025-03-05 18:25:32.083,-0.12472,-0.0025053,-0.204135
1668184,2025-03-05 18:25:32.088,-0.153842,-0.0189772,-0.206455
1668185,2025-03-05 18:25:32.093,-0.163978,-0.0299683,-0.190173
1668186,2025-03-05 18:25:32.099,-0.154084,-0.0474319,-0.188656
1668187,2025-03-05 18:25:32.103,-0.157524,-0.0416989,-0.204114
1668188,2025-03-05 18:25:32.107,-0.163488,-0.0579734,-0.17712
1668189,2025-03-05 18:25:32.112,-0.139766,-0.0618544,-0.144685
1668190,2025-03-05 18:25:32.117,-0.102046,-0.0735621,-0.127077
1668191,2025-03-05 18:25:32.122,-0.0787848,-0.0825081,-0.0765791
1668192,2025-03-05 18:25:32.127,-0.0566532,-0.074553,-0.0598879
1668193,2025-03-05 18:25:32.132,-0.0332345,-0.0820241,-0.0327063
1668194,2025-03-05 18:25:32.137,-0.0262958,-0.102453,-0.00577927
1668195,2025-03-05 18:25:32.142,-0.0167459,-0.0896077,0.0316973
1668196,2025-03-05 18:25:32.146,-0.00827283,-0.0853124,0.0653915
1668197,2025-03-05 18:25:32.151,-0.0163561,-0.085959,0.0822945
1668198,2025-03-05 18:25:32.156,-0.0338302,-0.0725718,0.0825882
1668199,2025-03-05 18:25:32.161,-0.0358602,-0.0642862,0.102043
1668200,2025-03-05 18:25:32.166,-0.0438269,-0.0410485,0.113312
1668201,2025-03-05 18:25:32.171,-0.0398348,-0.0312939,0.123459
1668202,2025-03-05 18:25:32.176,-0.0466094,-0.0384793,0.12063
1668203,2025-03-05 18:25:32.181,-0.0426776,-0.0529079,0.098958
1668204,2025-03-05 18:25:32.186,-0.0210453,-0.0365181,0.106071
1668205,2025-03-05 18:25:32.191,-0.0199223,-0.0501823,0.104984
1668206,2025-03-05 18:25:32.195,-0.0355406,-0.0509138,0.0708351
1668207,2025-03-05 18:25:32.2,-0.0534823,-0.0625854,0.046649
1668208,2025-03-05 18:25:32.205,-0.0404412,-0.0553327,0.0394001
1668209,2025-03-05 18:25:32.21,-0.045371,-0.0340729,0.0157146
1668210,2025-03-05 18:25:32.215,-0.0443301,-0.0179415,-0.0135698
1668211,2025-03-05 18:25:32.22,-0.0266751,-0.00921011,-0.0365744
1668212,2025-03-05 18:25:32.225,-0.0150438,0.0242682,-0.0664377
1668213,2025-03-05 18:25:32.23,0.00237691,0.0420613,-0.0711384
1668214,2025-03-05 18:25:32.235,0.0243148,0.0739369,-0.0817242
1668215,2025-03-05 18:25:32.24,0.0435889,0.0819359,-0.0899363
1668216,2025-03-05 18:25:32.244,0.0566027,0.100729,-0.100575
1668217,2025-03-05 18:25:32.249,0.066969,0.114878,-0.116051
1668218,2025-03-05 18:25:32.254,0.065298,0.117302,-0.141075
1668219,2025-03-05 18:25:32.259,0.0659221,0.124728,-0.148274
1668220,2025-03-05 18:25:32.264,0.0581694,0.099165,-0.125952
1668221,2025-03-05 18:25:32.269,0.069522,0.0871735,-0.131326
1668222,2025-03-05 18:25:32.274,0.0786465,0.0732317,-0.152314
1668223,2025-03-05 18:25:32.279,0.0724961,0.0360155,-0.161502
1668224,2025-03-05 18:25:32.284,0.0319857,0.0291266,-0.151856
1668225,2025-03-05 18:25:32.288,-0.021445,0.0321555,-0.111675
1668226,2025-03-05 18:25:32.293,-0.0665018,0.0307055,-0.0672779
1668227,2025-03-05 18:25:32.299,-0.104416,0.0342112,-0.00557709
1668228,2025-03-05 18:25:32.303,-0.105404,0.0568213,0.0187197
1668229,2025-03-05 18:25:32.308,-0.127801,0.0520163,0.0285158
1668230,2025-03-05 18:25:32.314,-0.124897,0.0626755,0.0512924
1668231,2025-03-05 18:25:32.318,-0.0933176,0.0600581,0.0704079
1668232,2025-03-05 18:25:32.323,-0.080938,0.0667334,0.115636
1668233,2025-03-05 18:25:32.328,-0.0674084,0.0707374,0.152343
1668234,2025-03-05 18:25:32.333,-0.0552797,0.0683761,0.175962
1668235,2025-03-05 18:25:32.337,-0.0255666,0.0858145,0.185416
1668236,2025-03-05 18:25:32.342,-0.0176523,0.0801163,0.197468
1668237,2025-03-05 18:25:32.347,0.00896534,0.0918112,0.214488
1668238,2025-03-05 18:25:32.352,0.0174486,0.105296,0.221016
1668239,2025-03-05 18:25:32.357,0.0435243,0.119297,0.227878
1668240,2025-03-05 18:25:32.362,0.0717523,0.132718,0.237373
1668241,2025-03-05 18:25:32.368,0.0916273,0.137241,0.231684
1668242,2025-03-05 18:25:32.372,0.125085,0.115267,0.220335
1668243,2025-03-05 18:25:32.377,0.162998,0.128951,0.206789
1668244,2025-03-05 18:25:32.381,0.186707,0.0973191,0.118615
1668245,2025-03-05 18:25:32.386,0.208969,0.0660791,0.0654993
1668246,2025-03-05 18:25:32.392,0.19722,0.0376525,0.043561
1668247,2025-03-05 18:25:32.396,0.176126,0.040544,0.0014782
1668248,2025-03-05 18:25:32.402,0.115835,0.0555744,-0.0380783
1668249,2025-03-05 18:25:32.406,0.035693,0.055315,-0.0917292
1668250,2025-03-05 18:25:32.411,-0.0393665,0.0718975,-0.154578
1668251,2025-03-05 18:25:32.416,-0.0821756,0.0637074,-0.194546
1668252,2025-03-05 18:25:32.421,-0.127546,0.064127,-0.229586
1668253,2025-03-05 18:25:32.426,-0.164884,0.0517898,-0.238421
1668254,2025-03-05 18:25:32.43,-0.173041,0.0385513,-0.218812
1668255,2025-03-05 18:25:32.435,-0.173617,0.0150061,-0.206666
1668256,2025-03-05 18:25:32.441,-0.177274,-0.00928783,-0.190034
1668257,2025-03-05 18:25:32.446,-0.164853,-0.0450082,-0.165394
1668258,2025-03-05 18:25:32.45,-0.158954,-0.0529699,-0.148187
1668259,2025-03-05 18:25:32.456,-0.123598,-0.0702038,-0.116984
1668260,2025-03-05 18:25:32.46,-0.1195,-0.0859475,-0.101583
1668261,2025-03-05 18:25:32.465,-0.11415,-0.087193,-0.0875835
1668262,2025-03-05 18:25:32.47,-0.0942695,-0.1037,-0.0844946
1668263,2025-03-05 18:25:32.474,-0.076641,-0.112861,-0.0791197
1668264,2025-03-05 18:25:32.479,-0.0635341,-0.134818,-0.0917253
1668265,2025-03-05 18:25:32.484,-0.0786405,-0.123219,-0.0995741
1668266,2025-03-05 18:25:32.489,-0.0826817,-0.096076,-0.124121
1668267,2025-03-05 18:25:32.494,-0.0902102,-0.0773339,-0.169923
1668268,2025-03-05 18:25:32.499,-0.104955,-0.0442472,-0.245193
1668269,2025-03-05 18:25:32.504,-0.0998552,0.0101485,-0.283181
1668270,2025-03-05 18:25:32.509,-0.0906386,0.0488663,-0.300809
1668271,2025-03-05 18:25:32.514,-0.0679408,0.0910754,-0.291153
1668272,2025-03-05 18:25:32.519,-0.0353823,0.133029,-0.267394
1668273,2025-03-05 18:25:32.523,-0.0261361,0.149702,-0.24145
1668274,2025-03-05 18:25:32.528,-0.0279901,0.17802,-0.206161
1668275,2025-03-05 18:25:32.533,-0.0217326,0.170198,-0.169774
1668276,2025-03-05 18:25:32.538,-0.0323089,0.169288,-0.119253
1668277,2025-03-05 18:25:32.543,-0.0156705,0.158391,-0.0569382
1668278,2025-03-05 18:25:32.548,-0.00066109,0.147004,-0.00186348
1668279,2025-03-05 18:25:32.553,0.0270721,0.161153,0.0817108
1668280,2025-03-05 18:25:32.558,0.0354533,0.168574,0.150809
1668281,2025-03-05 18:25:32.563,0.0532287,0.162032,0.202106
1668282,2025-03-05 18:25:32.567,0.0815244,0.140491,0.257092
1668283,2025-03-05 18:25:32.572,0.0873434,0.110011,0.27775
1668284,2025-03-05 18:25:32.577,0.0946247,0.0755582,0.266639
1668285,2025-03-05 18:25:32.582,0.0735249,0.0540166,0.260667
1668286,2025-03-05 18:25:32.587,0.0453879,0.0227094,0.256245
1668287,2025-03-05 18:25:32.592,0.00180395,0.0162411,0.266352
1668288,2025-03-05 18:25:32.597,-0.000376463,0.0286393,0.251583
1668289,2025-03-05 18:25:32.602,0.0208538,0.0526848,0.282142
1668290,2025-03-05 18:25:32.607,0.0256329,0.0730147,0.26018
1668291,2025-03-05 18:25:32.612,0.0371297,0.0814352,0.200316
1668292,2025-03-05 18:25:32.616,0.0934139,0.0579839,0.134829
1668293,2025-03-05 18:25:32.621,0.148733,0.0326037,0.091074
1668294,2025-03-05 18:25:32.626,0.186381,-0.00518322,0.072299
1668295,2025-03-05 18:25:32.631,0.205099,-0.0302567,0.0426273
1668296,2025-03-05 18:25:32.636,0.209656,-0.0426664,0.0222912
1668297,2025-03-05 18:25:32.641,0.195453,-0.0685124,-0.0304203
1668298,2025-03-05 18:25:32.646,0.174574,-0.0745044,-0.0926418
1668299,2025-03-05 18:25:32.651,0.126817,-0.092773,-0.148922
1668300,2025-03-05 18:25:32.656,0.0606622,-0.124378,-0.166087
1668301,2025-03-05 18:25:32.66,0.0163528,-0.147923,-0.168139
1668302,2025-03-05 18:25:32.665,-0.0171857,-0.18025,-0.163407
1668303,2025-03-05 18:25:32.67,-0.0638719,-0.205935,-0.131702
1668304,2025-03-05 18:25:32.675,-0.127159,-0.225102,-0.0957594
1668305,2025-03-05 18:25:32.68,-0.180869,-0.249939,-0.0756121
1668306,2025-03-05 18:25:32.685,-0.208381,-0.261473,-0.0283442
1668307,2025-03-05 18:25:32.69,-0.250303,-0.255321,0.0186892
1668308,2025-03-05 18:25:32.695,-0.238805,-0.257828,0.0845394
1668309,2025-03-05 18:25:32.7,-0.209609,-0.268018,0.122937
1668310,2025-03-05 18:25:32.705,-0.137499,-0.27038,0.144777
1668311,2025-03-05 18:25:32.709,-0.036673,-0.290019,0.127711
1668312,2025-03-05 18:25:32.714,-0.0748927,-0.311266,0.183584
1668313,2025-03-05 18:25:32.719,-0.0127686,-0.290298,0.163489
1668314,2025-03-05 18:25:32.724,0.0313737,-0.263034,0.115512
1668315,2025-03-05 18:25:32.729,0.081455,-0.235453,0.068367
1668316,2025-03-05 18:25:32.735,0.105384,-0.215746,0.0350208
1668317,2025-03-05 18:25:32.74,0.155561,-0.152773,0.00821781
1668318,2025-03-05 18:25:32.744,0.205414,-0.0858855,-0.0383291
1668319,2025-03-05 18:25:32.749,0.222645,-0.0270004,-0.0640812
1668320,2025-03-05 18:25:32.753,0.249033,0.0360465,-0.0729284
1668321,2025-03-05 18:25:32.759,0.25953,0.0832205,-0.0663223
1668322,2025-03-05 18:25:32.763,0.26629,0.138586,-0.0931911
1668323,2025-03-05 18:25:32.768,0.255107,0.174953,-0.113027
1668324,2025-03-05 18:25:32.773,0.221566,0.210406,-0.105788
1668325,2025-03-05 18:25:32.778,0.187167,0.25107,-0.0896387
1668326,2025-03-05 18:25:32.783,0.153167,0.262478,-0.0658417
1668327,2025-03-05 18:25:32.788,0.132626,0.242746,-0.0358171
1668328,2025-03-05 18:25:32.793,0.0851142,0.205087,-0.028038
1668329,2025-03-05 18:25:32.798,0.0629279,0.142499,-0.0185509
1668330,2025-03-05 18:25:32.802,0.0682703,0.0776763,-0.0227575
1668331,2025-03-05 18:25:32.807,0.0593905,0.0319123,-0.0214872
1668332,2025-03-05 18:25:32.812,0.0400674,-0.0152965,-0.0312891
1668333,2025-03-05 18:25:32.817,-0.00153902,-0.0330949,-0.0378103
1668334,2025-03-05 18:25:32.822,-0.046386,-0.0398588,-0.0206709
1668335,2025-03-05 18:25:32.827,-0.0792306,-0.0405769,0.0236025
1668336,2025-03-05 18:25:32.832,-0.0478102,-0.0272107,0.0783119
1668337,2025-03-05 18:25:32.837,-0.00813279,0.00940514,0.11502
1668338,2025-03-05 18:25:32.842,0.0270335,0.0476575,0.110161
1668339,2025-03-05 18:25:32.847,0.0685498,0.0647998,0.119995
1668340,2025-03-05 18:25:32.851,0.138988,0.0787401,0.11833
1668341,2025-03-05 18:25:32.856,0.184737,0.109715,0.0874376
1668342,2025-03-05 18:25:32.861,0.254325,0.124404,0.0761929
1668343,2025-03-05 18:25:32.867,0.301231,0.132535,0.057066
1668344,2025-03-05 18:25:32.871,0.326481,0.1366,0.0395851
1668345,2025-03-05 18:25:32.877,0.299137,0.135531,0.0189333
1668346,2025-03-05 18:25:32.881,0.276821,0.157983,-0.00970078
1668347,2025-03-05 18:25:32.886,0.244062,0.157577,-0.0344515
1668348,2025-03-05 18:25:32.891,0.212633,0.139328,-0.0862684
1668349,2025-03-05 18:25:32.895,0.170459,0.131901,-0.100838
1668350,2025-03-05 18:25:32.9,0.143742,0.10322,-0.131932
1668351,2025-03-05 18:25:32.905,0.101603,0.0830536,-0.169861
1668352,2025-03-05 18:25:32.911,0.0871006,0.0737906,-0.193263
1668353,2025-03-05 18:25:32.915,0.0870893,0.0669112,-0.20574
1668354,2025-03-05 18:25:32.92,0.0659415,0.0636044,-0.240637
1668355,2025-03-05 18:25:32.925,0.0283874,0.0662999,-0.245592
1668356,2025-03-05 18:25:32.93,-0.038834,0.0738344,-0.224459
1668357,2025-03-05 18:25:32.935,-0.0978369,0.0516934,-0.195228
1668358,2025-03-05 18:25:32.94,-0.135742,0.0368867,-0.169807
1668359,2025-03-05 18:25:32.944,-0.138336,-0.00378799,-0.189784
1668360,2025-03-05 18:25:32.949,-0.144936,-0.0582442,-0.236975
1668361,2025-03-05 18:25:32.954,-0.132949,-0.0978289,-0.272014
1668362,2025-03-05 18:25:32.96,-0.122725,-0.125113,-0.272398
1668363,2025-03-05 18:25:32.969,-0.0697637,-0.133174,-0.209539
1668364,2025-03-05 18:25:32.969,-0.0697637,-0.133174,-0.209539
1668365,2025-03-05 18:25:32.974,-0.0410533,-0.0881429,-0.143312
1668366,2025-03-05 18:25:32.979,-0.0407413,-0.0360227,-0.102806
1668367,2025-03-05 18:25:32.984,-0.0924109,0.00633955,-0.0485125
1668368,2025-03-05 18:25:32.988,-0.13766,0.0426359,0.00398922
1668369,2025-03-05 18:25:32.993,-0.129135,0.0548425,0.0881348
1668370,2025-03-05 18:25:32.998,-0.0896278,0.0478587,0.109918
1668371,2025-03-05 18:25:33.003,-0.0345209,0.0159068,0.0995283
1668372,2025-03-05 18:25:33.009,0.0399882,-0.0194259,0.0738449
1668373,2025-03-05 18:25:33.013,0.0709827,-0.0546012,0.0342159
1668374,2025-03-05 18:25:33.018,0.0727874,-0.0789227,0.0282316
1668375,2025-03-05 18:25:33.023,0.054813,-0.0687652,0.0520735
1668376,2025-03-05 18:25:33.028,0.0180629,-0.0386925,0.0841513
1668377,2025-03-05 18:25:33.033,-0.0424152,-0.0280585,0.0876102
1668378,2025-03-05 18:25:33.037,-0.100498,-0.0212765,0.0769386
1668379,2025-03-05 18:25:33.042,-0.143241,-0.00175667,0.0736647
1668380,2025-03-05 18:25:33.047,-0.143389,0.0184383,0.115767
1668381,2025-03-05 18:25:33.053,-0.0938533,0.0273948,0.149477
1668382,2025-03-05 18:25:33.057,-0.0362197,0.0430121,0.196227
1668383,2025-03-05 18:25:33.062,-0.00811325,0.0807261,0.201261
1668384,2025-03-05 18:25:33.067,-0.040413,0.10227,0.256397
1668385,2025-03-05 18:25:33.072,-0.034449,0.119551,0.362477
1668386,2025-03-05 18:25:33.077,0.0368192,0.131355,0.406343
1668387,2025-03-05 18:25:33.081,0.102031,0.094933,0.379061
1668388,2025-03-05 18:25:33.086,0.147296,0.0391035,0.308575
1668389,2025-03-05 18:25:33.091,0.130023,-0.0158992,0.252299
1668390,2025-03-05 18:25:33.096,0.129788,-0.0607805,0.225687
1668391,2025-03-05 18:25:33.101,0.0310468,-0.212837,-0.129023
1668392,2025-03-05 18:25:33.106,-0.236515,-0.213203,-0.624168
1668393,2025-03-05 18:25:33.111,-0.471423,-0.0807228,-0.60228
1668394,2025-03-05 18:25:33.117,-0.612807,0.0173249,-0.392938
1668395,2025-03-05 18:25:33.121,-0.585837,0.101581,-0.165197
1668396,2025-03-05 18:25:33.126,-0.424647,0.145333,-0.0762358
1668397,2025-03-05 18:25:33.13,-0.238738,0.182595,-0.109773
1668398,2025-03-05 18:25:33.135,-0.131679,0.169648,-0.198423
1668399,2025-03-05 18:25:33.14,-0.0761392,0.163872,-0.189775
1668400,2025-03-05 18:25:33.145,-0.00847,0.161615,-0.0786905
1668401,2025-03-05 18:25:33.15,0.0630068,0.192354,0.135277
1668402,2025-03-05 18:25:33.156,0.126961,0.195369,0.31112
1668403,2025-03-05 18:25:33.16,0.146,0.175494,0.395835
1668404,2025-03-05 18:25:33.165,0.0809248,0.146843,0.410589
1668405,2025-03-05 18:25:33.17,-0.0278449,0.00454617,0.435847
1668406,2025-03-05 18:25:33.174,-0.0486801,-0.26376,0.380296
1668407,2025-03-05 18:25:33.179,-0.0269185,-0.336551,0.25058
1668408,2025-03-05 18:25:33.184,-0.0883283,-0.317607,0.0912838
1668409,2025-03-05 18:25:33.189,-0.203577,-0.30141,-0.057024
1668410,2025-03-05 18:25:33.195,-0.329581,-0.278362,-0.15651
1668411,2025-03-05 18:25:33.199,-0.453221,-0.243604,-0.227883
